descriptor,FAR_test,FRR_test,HTER,EER,training_time
RI-LBP+SIFT,0.6362275449101796,0.12060301507537688,0.37841527999277824,0.3764297439779485,248.15833854675293
