descriptor,FAR_test,FRR_test,HTER,EER,training_time
RI-LBP+SIFT,0.6179640718562874,0.13693467336683418,0.3774493726115608,0.37535952077202284,250.63648414611816
